"Country","Year","CPI"
"Zimbabwe",2007,21
"Zimbabwe",2008,18
"Zimbabwe",2009,22
"Zimbabwe",2010,24
"Zimbabwe",2011,22
"Zimbabwe",2012,20
"Zimbabwe",2013,21
"Zimbabwe",2014,21
"Zimbabwe",2015,21
"Zimbabwe",2016,22
"Zimbabwe",2017,22
"Zimbabwe",2018,22
"Zimbabwe",2019,24
"Zambia",2007,26
"Zambia",2008,28
"Zambia",2009,30
"Zambia",2010,30
"Zambia",2011,32
"Zambia",2012,37
"Zambia",2013,38
"Zambia",2014,38
"Zambia",2015,38
"Zambia",2016,38
"Zambia",2017,37
"Zambia",2018,35
"Zambia",2019,34
"Yemen",2007,25
"Yemen",2008,23
"Yemen",2009,21
"Yemen",2010,22
"Yemen",2011,21
"Yemen",2012,23
"Yemen",2013,18
"Yemen",2014,19
"Yemen",2015,18
"Yemen",2016,14
"Yemen",2017,16
"Yemen",2018,14
"Yemen",2019,15
"Vietnam",2007,26
"Vietnam",2008,27
"Vietnam",2009,27
"Vietnam",2010,27
"Vietnam",2011,29
"Vietnam",2012,31
"Vietnam",2013,31
"Vietnam",2014,31
"Vietnam",2015,31
"Vietnam",2016,33
"Vietnam",2017,35
"Vietnam",2018,33
"Vietnam",2019,37
"Venezuela",2007,20
"Venezuela",2008,19
"Venezuela",2009,19
"Venezuela",2010,20
"Venezuela",2011,19
"Venezuela",2012,19
"Venezuela",2013,20
"Venezuela",2014,19
"Venezuela",2015,17
"Venezuela",2016,17
"Venezuela",2017,18
"Venezuela",2018,18
"Venezuela",2019,16
"Vanuatu",2007,31
"Vanuatu",2008,29
"Vanuatu",2009,32
"Vanuatu",2010,36
"Vanuatu",2011,35
"Vanuatu",2012,NA
"Vanuatu",2013,NA
"Vanuatu",2014,NA
"Vanuatu",2015,NA
"Vanuatu",2016,NA
"Vanuatu",2017,43
"Vanuatu",2018,46
"Vanuatu",2019,46
"Uzbekistan",2007,17
"Uzbekistan",2008,18
"Uzbekistan",2009,17
"Uzbekistan",2010,16
"Uzbekistan",2011,16
"Uzbekistan",2012,17
"Uzbekistan",2013,17
"Uzbekistan",2014,18
"Uzbekistan",2015,19
"Uzbekistan",2016,21
"Uzbekistan",2017,22
"Uzbekistan",2018,23
"Uzbekistan",2019,25
"Uruguay",2007,72
"Uruguay",2008,73
"Uruguay",2009,67
"Uruguay",2010,69
"Uruguay",2011,70
"Uruguay",2012,72
"Uruguay",2013,73
"Uruguay",2014,73
"Uruguay",2015,74
"Uruguay",2016,71
"Uruguay",2017,70
"Uruguay",2018,70
"Uruguay",2019,71
"United States",2007,67
"United States",2008,69
"United States",2009,75
"United States",2010,71
"United States",2011,71
"United States",2012,73
"United States",2013,73
"United States",2014,74
"United States",2015,76
"United States",2016,74
"United States",2017,75
"United States",2018,71
"United States",2019,69
"United Kingdom",2007,84
"United Kingdom",2008,77
"United Kingdom",2009,77
"United Kingdom",2010,76
"United Kingdom",2011,78
"United Kingdom",2012,74
"United Kingdom",2013,76
"United Kingdom",2014,78
"United Kingdom",2015,81
"United Kingdom",2016,81
"United Kingdom",2017,82
"United Kingdom",2018,80
"United Kingdom",2019,77
"United Arab Emirates",2007,57
"United Arab Emirates",2008,59
"United Arab Emirates",2009,65
"United Arab Emirates",2010,63
"United Arab Emirates",2011,68
"United Arab Emirates",2012,68
"United Arab Emirates",2013,69
"United Arab Emirates",2014,70
"United Arab Emirates",2015,70
"United Arab Emirates",2016,66
"United Arab Emirates",2017,71
"United Arab Emirates",2018,70
"United Arab Emirates",2019,71
"Ukraine",2007,27
"Ukraine",2008,25
"Ukraine",2009,22
"Ukraine",2010,24
"Ukraine",2011,23
"Ukraine",2012,26
"Ukraine",2013,25
"Ukraine",2014,26
"Ukraine",2015,27
"Ukraine",2016,29
"Ukraine",2017,30
"Ukraine",2018,32
"Ukraine",2019,30
"Uganda",2007,28
"Uganda",2008,26
"Uganda",2009,25
"Uganda",2010,25
"Uganda",2011,24
"Uganda",2012,29
"Uganda",2013,26
"Uganda",2014,26
"Uganda",2015,25
"Uganda",2016,25
"Uganda",2017,26
"Uganda",2018,26
"Uganda",2019,28
"Turkmenistan",2007,20
"Turkmenistan",2008,18
"Turkmenistan",2009,18
"Turkmenistan",2010,16
"Turkmenistan",2011,16
"Turkmenistan",2012,17
"Turkmenistan",2013,17
"Turkmenistan",2014,17
"Turkmenistan",2015,18
"Turkmenistan",2016,22
"Turkmenistan",2017,19
"Turkmenistan",2018,20
"Turkmenistan",2019,19
"Turkey",2007,41
"Turkey",2008,46
"Turkey",2009,44
"Turkey",2010,44
"Turkey",2011,42
"Turkey",2012,49
"Turkey",2013,50
"Turkey",2014,45
"Turkey",2015,42
"Turkey",2016,41
"Turkey",2017,40
"Turkey",2018,41
"Turkey",2019,39
"Tunisia",2007,42
"Tunisia",2008,44
"Tunisia",2009,42
"Tunisia",2010,43
"Tunisia",2011,38
"Tunisia",2012,41
"Tunisia",2013,41
"Tunisia",2014,40
"Tunisia",2015,38
"Tunisia",2016,41
"Tunisia",2017,42
"Tunisia",2018,43
"Tunisia",2019,43
"Trinidad and Tobago",2007,34
"Trinidad and Tobago",2008,36
"Trinidad and Tobago",2009,36
"Trinidad and Tobago",2010,36
"Trinidad and Tobago",2011,32
"Trinidad and Tobago",2012,39
"Trinidad and Tobago",2013,38
"Trinidad and Tobago",2014,38
"Trinidad and Tobago",2015,39
"Trinidad and Tobago",2016,35
"Trinidad and Tobago",2017,41
"Trinidad and Tobago",2018,41
"Trinidad and Tobago",2019,40
"Tonga",2007,17
"Tonga",2008,24
"Tonga",2009,30
"Tonga",2010,30
"Tonga",2011,31
"Tonga",2012,NA
"Tonga",2013,NA
"Tonga",2014,NA
"Tonga",2015,NA
"Tonga",2016,NA
"Tonga",2017,NA
"Tonga",2018,NA
"Tonga",2019,NA
"Togo",2007,23
"Togo",2008,27
"Togo",2009,28
"Togo",2010,24
"Togo",2011,24
"Togo",2012,30
"Togo",2013,29
"Togo",2014,29
"Togo",2015,32
"Togo",2016,32
"Togo",2017,32
"Togo",2018,30
"Togo",2019,29
"Timor-Leste",2007,26
"Timor-Leste",2008,22
"Timor-Leste",2009,22
"Timor-Leste",2010,25
"Timor-Leste",2011,24
"Timor-Leste",2012,33
"Timor-Leste",2013,30
"Timor-Leste",2014,28
"Timor-Leste",2015,28
"Timor-Leste",2016,35
"Timor-Leste",2017,38
"Timor-Leste",2018,35
"Timor-Leste",2019,38
"Thailand",2007,33
"Thailand",2008,35
"Thailand",2009,34
"Thailand",2010,35
"Thailand",2011,34
"Thailand",2012,37
"Thailand",2013,35
"Thailand",2014,38
"Thailand",2015,38
"Thailand",2016,35
"Thailand",2017,37
"Thailand",2018,36
"Thailand",2019,36
"Tanzania",2007,32
"Tanzania",2008,30
"Tanzania",2009,26
"Tanzania",2010,27
"Tanzania",2011,30
"Tanzania",2012,35
"Tanzania",2013,33
"Tanzania",2014,31
"Tanzania",2015,30
"Tanzania",2016,32
"Tanzania",2017,36
"Tanzania",2018,36
"Tanzania",2019,37
"Tajikistan",2007,21
"Tajikistan",2008,57
"Tajikistan",2009,20
"Tajikistan",2010,21
"Tajikistan",2011,23
"Tajikistan",2012,22
"Tajikistan",2013,22
"Tajikistan",2014,23
"Tajikistan",2015,26
"Tajikistan",2016,25
"Tajikistan",2017,21
"Tajikistan",2018,25
"Tajikistan",2019,25
"Taiwan",2007,57
"Taiwan",2008,20
"Taiwan",2009,56
"Taiwan",2010,58
"Taiwan",2011,61
"Taiwan",2012,61
"Taiwan",2013,61
"Taiwan",2014,61
"Taiwan",2015,62
"Taiwan",2016,61
"Taiwan",2017,63
"Taiwan",2018,63
"Taiwan",2019,65
"Syria",2007,24
"Syria",2008,21
"Syria",2009,26
"Syria",2010,25
"Syria",2011,26
"Syria",2012,26
"Syria",2013,17
"Syria",2014,20
"Syria",2015,18
"Syria",2016,13
"Syria",2017,14
"Syria",2018,13
"Syria",2019,13
"Switzerland",2007,90
"Switzerland",2008,90
"Switzerland",2009,90
"Switzerland",2010,87
"Switzerland",2011,88
"Switzerland",2012,86
"Switzerland",2013,85
"Switzerland",2014,86
"Switzerland",2015,86
"Switzerland",2016,86
"Switzerland",2017,85
"Switzerland",2018,85
"Switzerland",2019,85
"Sweden",2007,93
"Sweden",2008,93
"Sweden",2009,92
"Sweden",2010,92
"Sweden",2011,93
"Sweden",2012,88
"Sweden",2013,89
"Sweden",2014,87
"Sweden",2015,89
"Sweden",2016,88
"Sweden",2017,84
"Sweden",2018,85
"Sweden",2019,85
"Swaziland",2007,33
"Swaziland",2008,36
"Swaziland",2009,36
"Swaziland",2010,32
"Swaziland",2011,31
"Swaziland",2012,37
"Swaziland",2013,39
"Swaziland",2014,43
"Swaziland",2015,NA
"Swaziland",2016,NA
"Swaziland",2017,39
"Swaziland",2018,38
"Swaziland",2019,34
"Suriname",2007,35
"Suriname",2008,36
"Suriname",2009,37
"Suriname",2010,NA
"Suriname",2011,30
"Suriname",2012,37
"Suriname",2013,36
"Suriname",2014,36
"Suriname",2015,36
"Suriname",2016,45
"Suriname",2017,41
"Suriname",2018,43
"Suriname",2019,44
"Sudan",2007,18
"Sudan",2008,16
"Sudan",2009,15
"Sudan",2010,16
"Sudan",2011,16
"Sudan",2012,13
"Sudan",2013,11
"Sudan",2014,11
"Sudan",2015,12
"Sudan",2016,14
"Sudan",2017,16
"Sudan",2018,16
"Sudan",2019,16
"Sri Lanka",2007,32
"Sri Lanka",2008,32
"Sri Lanka",2009,31
"Sri Lanka",2010,32
"Sri Lanka",2011,33
"Sri Lanka",2012,40
"Sri Lanka",2013,37
"Sri Lanka",2014,38
"Sri Lanka",2015,37
"Sri Lanka",2016,36
"Sri Lanka",2017,38
"Sri Lanka",2018,38
"Sri Lanka",2019,38
"Spain",2007,67
"Spain",2008,65
"Spain",2009,61
"Spain",2010,61
"Spain",2011,62
"Spain",2012,65
"Spain",2013,59
"Spain",2014,60
"Spain",2015,58
"Spain",2016,58
"Spain",2017,57
"Spain",2018,58
"Spain",2019,62
"South Sudan",2007,NA
"South Sudan",2008,NA
"South Sudan",2009,NA
"South Sudan",2010,NA
"South Sudan",2011,NA
"South Sudan",2012,NA
"South Sudan",2013,14
"South Sudan",2014,15
"South Sudan",2015,15
"South Sudan",2016,11
"South Sudan",2017,12
"South Sudan",2018,13
"South Sudan",2019,12
"South Africa",2007,51
"South Africa",2008,49
"South Africa",2009,47
"South Africa",2010,45
"South Africa",2011,41
"South Africa",2012,43
"South Africa",2013,42
"South Africa",2014,44
"South Africa",2015,44
"South Africa",2016,45
"South Africa",2017,43
"South Africa",2018,43
"South Africa",2019,44
"Somalia",2007,14
"Somalia",2008,10
"Somalia",2009,11
"Somalia",2010,11
"Somalia",2011,10
"Somalia",2012,8
"Somalia",2013,8
"Somalia",2014,8
"Somalia",2015,8
"Somalia",2016,10
"Somalia",2017,9
"Somalia",2018,10
"Somalia",2019,9
"Solomon Islands",2007,28
"Solomon Islands",2008,29
"Solomon Islands",2009,28
"Solomon Islands",2010,28
"Solomon Islands",2011,27
"Solomon Islands",2012,NA
"Solomon Islands",2013,NA
"Solomon Islands",2014,NA
"Solomon Islands",2015,NA
"Solomon Islands",2016,42
"Solomon Islands",2017,39
"Solomon Islands",2018,44
"Solomon Islands",2019,42
"Slovenia",2007,66
"Slovenia",2008,67
"Slovenia",2009,66
"Slovenia",2010,64
"Slovenia",2011,59
"Slovenia",2012,61
"Slovenia",2013,57
"Slovenia",2014,58
"Slovenia",2015,60
"Slovenia",2016,61
"Slovenia",2017,61
"Slovenia",2018,60
"Slovenia",2019,60
"Slovakia",2007,49
"Slovakia",2008,50
"Slovakia",2009,45
"Slovakia",2010,43
"Slovakia",2011,40
"Slovakia",2012,46
"Slovakia",2013,47
"Slovakia",2014,50
"Slovakia",2015,51
"Slovakia",2016,51
"Slovakia",2017,50
"Slovakia",2018,50
"Slovakia",2019,50
"Singapore",2007,93
"Singapore",2008,92
"Singapore",2009,92
"Singapore",2010,93
"Singapore",2011,92
"Singapore",2012,87
"Singapore",2013,86
"Singapore",2014,84
"Singapore",2015,85
"Singapore",2016,84
"Singapore",2017,84
"Singapore",2018,85
"Singapore",2019,85
"Sierra Leone",2007,21
"Sierra Leone",2008,19
"Sierra Leone",2009,22
"Sierra Leone",2010,24
"Sierra Leone",2011,25
"Sierra Leone",2012,31
"Sierra Leone",2013,30
"Sierra Leone",2014,31
"Sierra Leone",2015,29
"Sierra Leone",2016,30
"Sierra Leone",2017,30
"Sierra Leone",2018,30
"Sierra Leone",2019,33
"Seychelles",2007,45
"Seychelles",2008,48
"Seychelles",2009,48
"Seychelles",2010,48
"Seychelles",2011,48
"Seychelles",2012,52
"Seychelles",2013,54
"Seychelles",2014,55
"Seychelles",2015,55
"Seychelles",2016,NA
"Seychelles",2017,60
"Seychelles",2018,66
"Seychelles",2019,66
"Serbia",2007,34
"Serbia",2008,34
"Serbia",2009,35
"Serbia",2010,35
"Serbia",2011,33
"Serbia",2012,39
"Serbia",2013,42
"Serbia",2014,41
"Serbia",2015,40
"Serbia",2016,42
"Serbia",2017,41
"Serbia",2018,39
"Serbia",2019,39
"Senegal",2007,36
"Senegal",2008,34
"Senegal",2009,30
"Senegal",2010,29
"Senegal",2011,29
"Senegal",2012,36
"Senegal",2013,41
"Senegal",2014,43
"Senegal",2015,44
"Senegal",2016,45
"Senegal",2017,45
"Senegal",2018,45
"Senegal",2019,45
"Saudi Arabia",2007,34
"Saudi Arabia",2008,35
"Saudi Arabia",2009,43
"Saudi Arabia",2010,47
"Saudi Arabia",2011,44
"Saudi Arabia",2012,44
"Saudi Arabia",2013,46
"Saudi Arabia",2014,49
"Saudi Arabia",2015,52
"Saudi Arabia",2016,46
"Saudi Arabia",2017,49
"Saudi Arabia",2018,49
"Saudi Arabia",2019,53
"Sao Tome and Principe",2007,27
"Sao Tome and Principe",2008,27
"Sao Tome and Principe",2009,28
"Sao Tome and Principe",2010,30
"Sao Tome and Principe",2011,30
"Sao Tome and Principe",2012,42
"Sao Tome and Principe",2013,42
"Sao Tome and Principe",2014,42
"Sao Tome and Principe",2015,42
"Sao Tome and Principe",2016,46
"Sao Tome and Principe",2017,46
"Sao Tome and Principe",2018,46
"Sao Tome and Principe",2019,46
"Samoa",2007,45
"Samoa",2008,44
"Samoa",2009,45
"Samoa",2010,41
"Samoa",2011,39
"Samoa",2012,NA
"Samoa",2013,NA
"Samoa",2014,NA
"Samoa",2015,NA
"Samoa",2016,NA
"Samoa",2017,NA
"Samoa",2018,NA
"Samoa",2019,NA
"Saint Vincent and the Grenadines",2007,61
"Saint Vincent and the Grenadines",2008,65
"Saint Vincent and the Grenadines",2009,64
"Saint Vincent and the Grenadines",2010,NA
"Saint Vincent and the Grenadines",2011,58
"Saint Vincent and the Grenadines",2012,62
"Saint Vincent and the Grenadines",2013,62
"Saint Vincent and the Grenadines",2014,62
"Saint Vincent and the Grenadines",2015,NA
"Saint Vincent and the Grenadines",2016,60
"Saint Vincent and the Grenadines",2017,58
"Saint Vincent and the Grenadines",2018,58
"Saint Vincent and the Grenadines",2019,59
"Saint Lucia",2007,68
"Saint Lucia",2008,71
"Saint Lucia",2009,70
"Saint Lucia",2010,NA
"Saint Lucia",2011,70
"Saint Lucia",2012,71
"Saint Lucia",2013,71
"Saint Lucia",2014,71
"Saint Lucia",2015,NA
"Saint Lucia",2016,60
"Saint Lucia",2017,55
"Saint Lucia",2018,55
"Saint Lucia",2019,55
"Rwanda",2007,28
"Rwanda",2008,30
"Rwanda",2009,33
"Rwanda",2010,40
"Rwanda",2011,50
"Rwanda",2012,53
"Rwanda",2013,53
"Rwanda",2014,49
"Rwanda",2015,54
"Rwanda",2016,54
"Rwanda",2017,55
"Rwanda",2018,56
"Rwanda",2019,53
"Russia",2007,23
"Russia",2008,21
"Russia",2009,22
"Russia",2010,21
"Russia",2011,24
"Russia",2012,28
"Russia",2013,28
"Russia",2014,27
"Russia",2015,29
"Russia",2016,29
"Russia",2017,29
"Russia",2018,28
"Russia",2019,28
"Romania",2007,37
"Romania",2008,38
"Romania",2009,38
"Romania",2010,37
"Romania",2011,36
"Romania",2012,44
"Romania",2013,43
"Romania",2014,43
"Romania",2015,46
"Romania",2016,48
"Romania",2017,48
"Romania",2018,47
"Romania",2019,44
"Qatar",2007,60
"Qatar",2008,65
"Qatar",2009,70
"Qatar",2010,77
"Qatar",2011,72
"Qatar",2012,68
"Qatar",2013,68
"Qatar",2014,69
"Qatar",2015,71
"Qatar",2016,61
"Qatar",2017,63
"Qatar",2018,62
"Qatar",2019,62
"Puerto Rico",2007,NA
"Puerto Rico",2008,58
"Puerto Rico",2009,58
"Puerto Rico",2010,58
"Puerto Rico",2011,56
"Puerto Rico",2012,63
"Puerto Rico",2013,62
"Puerto Rico",2014,63
"Puerto Rico",2015,NA
"Puerto Rico",2016,NA
"Puerto Rico",2017,NA
"Puerto Rico",2018,NA
"Puerto Rico",2019,NA
"Portugal",2007,65
"Portugal",2008,61
"Portugal",2009,58
"Portugal",2010,60
"Portugal",2011,61
"Portugal",2012,63
"Portugal",2013,62
"Portugal",2014,63
"Portugal",2015,64
"Portugal",2016,62
"Portugal",2017,63
"Portugal",2018,64
"Portugal",2019,62
"Poland",2007,42
"Poland",2008,46
"Poland",2009,50
"Poland",2010,53
"Poland",2011,55
"Poland",2012,58
"Poland",2013,60
"Poland",2014,61
"Poland",2015,63
"Poland",2016,62
"Poland",2017,60
"Poland",2018,60
"Poland",2019,58
"Philippines",2007,25
"Philippines",2008,23
"Philippines",2009,24
"Philippines",2010,24
"Philippines",2011,26
"Philippines",2012,34
"Philippines",2013,36
"Philippines",2014,38
"Philippines",2015,35
"Philippines",2016,35
"Philippines",2017,34
"Philippines",2018,36
"Philippines",2019,34
"Peru",2007,35
"Peru",2008,36
"Peru",2009,37
"Peru",2010,35
"Peru",2011,34
"Peru",2012,38
"Peru",2013,38
"Peru",2014,38
"Peru",2015,36
"Peru",2016,35
"Peru",2017,37
"Peru",2018,35
"Peru",2019,36
"Paraguay",2007,24
"Paraguay",2008,24
"Paraguay",2009,21
"Paraguay",2010,22
"Paraguay",2011,22
"Paraguay",2012,25
"Paraguay",2013,24
"Paraguay",2014,24
"Paraguay",2015,27
"Paraguay",2016,30
"Paraguay",2017,29
"Paraguay",2018,29
"Paraguay",2019,28
"Papua New Guinea",2007,20
"Papua New Guinea",2008,20
"Papua New Guinea",2009,21
"Papua New Guinea",2010,21
"Papua New Guinea",2011,22
"Papua New Guinea",2012,25
"Papua New Guinea",2013,25
"Papua New Guinea",2014,25
"Papua New Guinea",2015,25
"Papua New Guinea",2016,28
"Papua New Guinea",2017,29
"Papua New Guinea",2018,28
"Papua New Guinea",2019,28
"Panama",2007,32
"Panama",2008,34
"Panama",2009,34
"Panama",2010,36
"Panama",2011,33
"Panama",2012,38
"Panama",2013,35
"Panama",2014,37
"Panama",2015,39
"Panama",2016,38
"Panama",2017,37
"Panama",2018,37
"Panama",2019,36
"Pakistan",2007,24
"Pakistan",2008,25
"Pakistan",2009,24
"Pakistan",2010,23
"Pakistan",2011,25
"Pakistan",2012,27
"Pakistan",2013,28
"Pakistan",2014,29
"Pakistan",2015,30
"Pakistan",2016,32
"Pakistan",2017,32
"Pakistan",2018,33
"Pakistan",2019,32
"Oman",2007,47
"Oman",2008,55
"Oman",2009,55
"Oman",2010,53
"Oman",2011,48
"Oman",2012,47
"Oman",2013,47
"Oman",2014,45
"Oman",2015,45
"Oman",2016,45
"Oman",2017,44
"Oman",2018,52
"Oman",2019,52
"Norway",2007,87
"Norway",2008,79
"Norway",2009,86
"Norway",2010,86
"Norway",2011,90
"Norway",2012,85
"Norway",2013,86
"Norway",2014,86
"Norway",2015,88
"Norway",2016,85
"Norway",2017,85
"Norway",2018,84
"Norway",2019,84
"Nigeria",2007,22
"Nigeria",2008,27
"Nigeria",2009,25
"Nigeria",2010,24
"Nigeria",2011,24
"Nigeria",2012,27
"Nigeria",2013,25
"Nigeria",2014,27
"Nigeria",2015,26
"Nigeria",2016,28
"Nigeria",2017,27
"Nigeria",2018,27
"Nigeria",2019,26
"Niger",2007,26
"Niger",2008,28
"Niger",2009,29
"Niger",2010,26
"Niger",2011,25
"Niger",2012,33
"Niger",2013,34
"Niger",2014,35
"Niger",2015,34
"Niger",2016,35
"Niger",2017,33
"Niger",2018,34
"Niger",2019,32
"Nicaragua",2007,26
"Nicaragua",2008,25
"Nicaragua",2009,25
"Nicaragua",2010,25
"Nicaragua",2011,25
"Nicaragua",2012,29
"Nicaragua",2013,28
"Nicaragua",2014,28
"Nicaragua",2015,27
"Nicaragua",2016,26
"Nicaragua",2017,26
"Nicaragua",2018,25
"Nicaragua",2019,22
"New Zealand",2007,94
"New Zealand",2008,93
"New Zealand",2009,94
"New Zealand",2010,93
"New Zealand",2011,95
"New Zealand",2012,90
"New Zealand",2013,91
"New Zealand",2014,91
"New Zealand",2015,91
"New Zealand",2016,90
"New Zealand",2017,89
"New Zealand",2018,87
"New Zealand",2019,87
"Netherlands",2007,90
"Netherlands",2008,89
"Netherlands",2009,89
"Netherlands",2010,88
"Netherlands",2011,89
"Netherlands",2012,84
"Netherlands",2013,83
"Netherlands",2014,83
"Netherlands",2015,84
"Netherlands",2016,83
"Netherlands",2017,82
"Netherlands",2018,82
"Netherlands",2019,82
"Nepal",2007,25
"Nepal",2008,27
"Nepal",2009,23
"Nepal",2010,22
"Nepal",2011,22
"Nepal",2012,27
"Nepal",2013,31
"Nepal",2014,29
"Nepal",2015,27
"Nepal",2016,29
"Nepal",2017,31
"Nepal",2018,31
"Nepal",2019,34
"Namibia",2007,45
"Namibia",2008,45
"Namibia",2009,45
"Namibia",2010,44
"Namibia",2011,44
"Namibia",2012,48
"Namibia",2013,48
"Namibia",2014,49
"Namibia",2015,53
"Namibia",2016,52
"Namibia",2017,51
"Namibia",2018,53
"Namibia",2019,52
"Myanmar",2007,14
"Myanmar",2008,13
"Myanmar",2009,14
"Myanmar",2010,14
"Myanmar",2011,15
"Myanmar",2012,15
"Myanmar",2013,21
"Myanmar",2014,21
"Myanmar",2015,22
"Myanmar",2016,28
"Myanmar",2017,30
"Myanmar",2018,29
"Myanmar",2019,29
"Mozambique",2007,28
"Mozambique",2008,26
"Mozambique",2009,25
"Mozambique",2010,27
"Mozambique",2011,27
"Mozambique",2012,31
"Mozambique",2013,30
"Mozambique",2014,31
"Mozambique",2015,31
"Mozambique",2016,27
"Mozambique",2017,25
"Mozambique",2018,23
"Mozambique",2019,26
"Morocco",2007,35
"Morocco",2008,35
"Morocco",2009,33
"Morocco",2010,34
"Morocco",2011,34
"Morocco",2012,37
"Morocco",2013,37
"Morocco",2014,39
"Morocco",2015,36
"Morocco",2016,37
"Morocco",2017,40
"Morocco",2018,43
"Morocco",2019,41
"Montenegro",2007,33
"Montenegro",2008,34
"Montenegro",2009,39
"Montenegro",2010,37
"Montenegro",2011,40
"Montenegro",2012,41
"Montenegro",2013,44
"Montenegro",2014,42
"Montenegro",2015,44
"Montenegro",2016,45
"Montenegro",2017,46
"Montenegro",2018,45
"Montenegro",2019,45
"Mongolia",2007,30
"Mongolia",2008,30
"Mongolia",2009,27
"Mongolia",2010,27
"Mongolia",2011,27
"Mongolia",2012,36
"Mongolia",2013,38
"Mongolia",2014,39
"Mongolia",2015,39
"Mongolia",2016,38
"Mongolia",2017,36
"Mongolia",2018,37
"Mongolia",2019,35
"Moldova",2007,28
"Moldova",2008,29
"Moldova",2009,33
"Moldova",2010,29
"Moldova",2011,29
"Moldova",2012,36
"Moldova",2013,35
"Moldova",2014,35
"Moldova",2015,33
"Moldova",2016,30
"Moldova",2017,31
"Moldova",2018,33
"Moldova",2019,32
"Mexico",2007,35
"Mexico",2008,36
"Mexico",2009,33
"Mexico",2010,31
"Mexico",2011,30
"Mexico",2012,34
"Mexico",2013,34
"Mexico",2014,35
"Mexico",2015,31
"Mexico",2016,30
"Mexico",2017,29
"Mexico",2018,28
"Mexico",2019,29
"Mauritius",2007,47
"Mauritius",2008,55
"Mauritius",2009,54
"Mauritius",2010,54
"Mauritius",2011,51
"Mauritius",2012,57
"Mauritius",2013,52
"Mauritius",2014,54
"Mauritius",2015,53
"Mauritius",2016,54
"Mauritius",2017,50
"Mauritius",2018,51
"Mauritius",2019,52
"Mauritania",2007,26
"Mauritania",2008,28
"Mauritania",2009,25
"Mauritania",2010,23
"Mauritania",2011,24
"Mauritania",2012,31
"Mauritania",2013,30
"Mauritania",2014,30
"Mauritania",2015,31
"Mauritania",2016,27
"Mauritania",2017,28
"Mauritania",2018,27
"Mauritania",2019,28
"Malta",2007,58
"Malta",2008,58
"Malta",2009,52
"Malta",2010,56
"Malta",2011,56
"Malta",2012,57
"Malta",2013,56
"Malta",2014,55
"Malta",2015,60
"Malta",2016,55
"Malta",2017,56
"Malta",2018,54
"Malta",2019,54
"Mali",2007,27
"Mali",2008,31
"Mali",2009,28
"Mali",2010,27
"Mali",2011,28
"Mali",2012,34
"Mali",2013,28
"Mali",2014,32
"Mali",2015,35
"Mali",2016,32
"Mali",2017,31
"Mali",2018,32
"Mali",2019,29
"Maldives",2007,33
"Maldives",2008,28
"Maldives",2009,25
"Maldives",2010,23
"Maldives",2011,25
"Maldives",2012,NA
"Maldives",2013,NA
"Maldives",2014,NA
"Maldives",2015,NA
"Maldives",2016,36
"Maldives",2017,33
"Maldives",2018,31
"Maldives",2019,29
"Malaysia",2007,51
"Malaysia",2008,51
"Malaysia",2009,45
"Malaysia",2010,44
"Malaysia",2011,43
"Malaysia",2012,49
"Malaysia",2013,50
"Malaysia",2014,52
"Malaysia",2015,50
"Malaysia",2016,49
"Malaysia",2017,47
"Malaysia",2018,47
"Malaysia",2019,53
"Malawi",2007,27
"Malawi",2008,28
"Malawi",2009,33
"Malawi",2010,34
"Malawi",2011,30
"Malawi",2012,37
"Malawi",2013,37
"Malawi",2014,33
"Malawi",2015,31
"Malawi",2016,31
"Malawi",2017,31
"Malawi",2018,32
"Malawi",2019,31
"Madagascar",2007,32
"Madagascar",2008,34
"Madagascar",2009,30
"Madagascar",2010,26
"Madagascar",2011,30
"Madagascar",2012,32
"Madagascar",2013,28
"Madagascar",2014,28
"Madagascar",2015,28
"Madagascar",2016,26
"Madagascar",2017,24
"Madagascar",2018,25
"Madagascar",2019,24
"Macedonia",2007,33
"Macedonia",2008,36
"Macedonia",2009,38
"Macedonia",2010,41
"Macedonia",2011,39
"Macedonia",2012,43
"Macedonia",2013,44
"Macedonia",2014,45
"Macedonia",2015,42
"Macedonia",2016,37
"Macedonia",2017,35
"Macedonia",2018,37
"Macedonia",2019,35
"Macau",2007,57
"Macau",2008,54
"Macau",2009,53
"Macau",2010,NA
"Macau",2011,51
"Macau",2012,NA
"Macau",2013,NA
"Macau",2014,NA
"Macau",2015,NA
"Macau",2016,NA
"Macau",2017,NA
"Macau",2018,NA
"Macau",2019,NA
"Luxembourg",2007,84
"Luxembourg",2008,83
"Luxembourg",2009,82
"Luxembourg",2010,85
"Luxembourg",2011,85
"Luxembourg",2012,80
"Luxembourg",2013,80
"Luxembourg",2014,82
"Luxembourg",2015,85
"Luxembourg",2016,81
"Luxembourg",2017,82
"Luxembourg",2018,81
"Luxembourg",2019,80
"Lithuania",2007,48
"Lithuania",2008,46
"Lithuania",2009,49
"Lithuania",2010,50
"Lithuania",2011,48
"Lithuania",2012,54
"Lithuania",2013,57
"Lithuania",2014,58
"Lithuania",2015,59
"Lithuania",2016,59
"Lithuania",2017,59
"Lithuania",2018,59
"Lithuania",2019,60
"Libya",2007,25
"Libya",2008,26
"Libya",2009,25
"Libya",2010,22
"Libya",2011,20
"Libya",2012,21
"Libya",2013,15
"Libya",2014,18
"Libya",2015,16
"Libya",2016,14
"Libya",2017,17
"Libya",2018,17
"Libya",2019,18
"Liberia",2007,21
"Liberia",2008,24
"Liberia",2009,31
"Liberia",2010,33
"Liberia",2011,32
"Liberia",2012,41
"Liberia",2013,38
"Liberia",2014,37
"Liberia",2015,37
"Liberia",2016,37
"Liberia",2017,31
"Liberia",2018,32
"Liberia",2019,28
"Lesotho",2007,33
"Lesotho",2008,32
"Lesotho",2009,33
"Lesotho",2010,35
"Lesotho",2011,35
"Lesotho",2012,45
"Lesotho",2013,49
"Lesotho",2014,49
"Lesotho",2015,44
"Lesotho",2016,39
"Lesotho",2017,42
"Lesotho",2018,41
"Lesotho",2019,40
"Lebanon",2007,30
"Lebanon",2008,30
"Lebanon",2009,25
"Lebanon",2010,25
"Lebanon",2011,25
"Lebanon",2012,30
"Lebanon",2013,28
"Lebanon",2014,27
"Lebanon",2015,28
"Lebanon",2016,28
"Lebanon",2017,28
"Lebanon",2018,28
"Lebanon",2019,28
"Latvia",2007,48
"Latvia",2008,50
"Latvia",2009,45
"Latvia",2010,43
"Latvia",2011,42
"Latvia",2012,49
"Latvia",2013,53
"Latvia",2014,55
"Latvia",2015,56
"Latvia",2016,57
"Latvia",2017,58
"Latvia",2018,58
"Latvia",2019,56
"Laos",2007,19
"Laos",2008,20
"Laos",2009,20
"Laos",2010,21
"Laos",2011,22
"Laos",2012,21
"Laos",2013,26
"Laos",2014,25
"Laos",2015,25
"Laos",2016,30
"Laos",2017,29
"Laos",2018,29
"Laos",2019,29
"Kyrgyzstan",2007,21
"Kyrgyzstan",2008,18
"Kyrgyzstan",2009,19
"Kyrgyzstan",2010,20
"Kyrgyzstan",2011,21
"Kyrgyzstan",2012,24
"Kyrgyzstan",2013,24
"Kyrgyzstan",2014,27
"Kyrgyzstan",2015,28
"Kyrgyzstan",2016,28
"Kyrgyzstan",2017,29
"Kyrgyzstan",2018,29
"Kyrgyzstan",2019,30
"Kuwait",2007,43
"Kuwait",2008,43
"Kuwait",2009,41
"Kuwait",2010,45
"Kuwait",2011,46
"Kuwait",2012,44
"Kuwait",2013,43
"Kuwait",2014,44
"Kuwait",2015,49
"Kuwait",2016,41
"Kuwait",2017,39
"Kuwait",2018,41
"Kuwait",2019,40
"Kosovo",2007,NA
"Kosovo",2008,NA
"Kosovo",2009,NA
"Kosovo",2010,28
"Kosovo",2011,29
"Kosovo",2012,34
"Kosovo",2013,33
"Kosovo",2014,33
"Kosovo",2015,33
"Kosovo",2016,36
"Kosovo",2017,39
"Kosovo",2018,37
"Kosovo",2019,36
"Korea (South)",2007,51
"Korea (South)",2008,56
"Korea (South)",2009,55
"Korea (South)",2010,54
"Korea (South)",2011,54
"Korea (South)",2012,56
"Korea (South)",2013,55
"Korea (South)",2014,55
"Korea (South)",2015,54
"Korea (South)",2016,53
"Korea (South)",2017,54
"Korea (South)",2018,57
"Korea (South)",2019,59
"Korea (North)",2007,NA
"Korea (North)",2008,NA
"Korea (North)",2009,NA
"Korea (North)",2010,NA
"Korea (North)",2011,10
"Korea (North)",2012,8
"Korea (North)",2013,8
"Korea (North)",2014,8
"Korea (North)",2015,8
"Korea (North)",2016,12
"Korea (North)",2017,17
"Korea (North)",2018,14
"Korea (North)",2019,17
"Kiribati",2007,33
"Kiribati",2008,31
"Kiribati",2009,28
"Kiribati",2010,32
"Kiribati",2011,31
"Kiribati",2012,NA
"Kiribati",2013,NA
"Kiribati",2014,NA
"Kiribati",2015,NA
"Kiribati",2016,NA
"Kiribati",2017,NA
"Kiribati",2018,NA
"Kiribati",2019,NA
"Kenya",2007,21
"Kenya",2008,21
"Kenya",2009,22
"Kenya",2010,21
"Kenya",2011,22
"Kenya",2012,27
"Kenya",2013,27
"Kenya",2014,25
"Kenya",2015,25
"Kenya",2016,26
"Kenya",2017,28
"Kenya",2018,27
"Kenya",2019,28
"Kazakhstan",2007,21
"Kazakhstan",2008,22
"Kazakhstan",2009,27
"Kazakhstan",2010,29
"Kazakhstan",2011,27
"Kazakhstan",2012,28
"Kazakhstan",2013,26
"Kazakhstan",2014,29
"Kazakhstan",2015,28
"Kazakhstan",2016,29
"Kazakhstan",2017,31
"Kazakhstan",2018,31
"Kazakhstan",2019,34
"Jordan",2007,47
"Jordan",2008,51
"Jordan",2009,50
"Jordan",2010,47
"Jordan",2011,45
"Jordan",2012,48
"Jordan",2013,45
"Jordan",2014,49
"Jordan",2015,53
"Jordan",2016,48
"Jordan",2017,48
"Jordan",2018,49
"Jordan",2019,48
"Japan",2007,75
"Japan",2008,73
"Japan",2009,77
"Japan",2010,78
"Japan",2011,80
"Japan",2012,74
"Japan",2013,74
"Japan",2014,76
"Japan",2015,75
"Japan",2016,72
"Japan",2017,73
"Japan",2018,73
"Japan",2019,73
"Jamaica",2007,33
"Jamaica",2008,31
"Jamaica",2009,30
"Jamaica",2010,33
"Jamaica",2011,33
"Jamaica",2012,38
"Jamaica",2013,38
"Jamaica",2014,38
"Jamaica",2015,41
"Jamaica",2016,39
"Jamaica",2017,44
"Jamaica",2018,44
"Jamaica",2019,43
"Italy",2007,52
"Italy",2008,48
"Italy",2009,43
"Italy",2010,39
"Italy",2011,39
"Italy",2012,42
"Italy",2013,43
"Italy",2014,43
"Italy",2015,44
"Italy",2016,47
"Italy",2017,50
"Italy",2018,52
"Italy",2019,53
"Israel",2007,61
"Israel",2008,60
"Israel",2009,61
"Israel",2010,61
"Israel",2011,58
"Israel",2012,60
"Israel",2013,61
"Israel",2014,60
"Israel",2015,61
"Israel",2016,64
"Israel",2017,62
"Israel",2018,61
"Israel",2019,60
"Ireland",2007,75
"Ireland",2008,77
"Ireland",2009,80
"Ireland",2010,80
"Ireland",2011,75
"Ireland",2012,69
"Ireland",2013,72
"Ireland",2014,74
"Ireland",2015,75
"Ireland",2016,73
"Ireland",2017,74
"Ireland",2018,73
"Ireland",2019,74
"Iraq",2007,15
"Iraq",2008,13
"Iraq",2009,15
"Iraq",2010,15
"Iraq",2011,18
"Iraq",2012,18
"Iraq",2013,16
"Iraq",2014,16
"Iraq",2015,16
"Iraq",2016,17
"Iraq",2017,18
"Iraq",2018,18
"Iraq",2019,20
"Iran",2007,25
"Iran",2008,23
"Iran",2009,18
"Iran",2010,22
"Iran",2011,27
"Iran",2012,28
"Iran",2013,25
"Iran",2014,27
"Iran",2015,27
"Iran",2016,29
"Iran",2017,30
"Iran",2018,28
"Iran",2019,26
"Indonesia",2007,23
"Indonesia",2008,26
"Indonesia",2009,28
"Indonesia",2010,28
"Indonesia",2011,30
"Indonesia",2012,32
"Indonesia",2013,32
"Indonesia",2014,34
"Indonesia",2015,36
"Indonesia",2016,37
"Indonesia",2017,37
"Indonesia",2018,38
"Indonesia",2019,40
"India",2007,35
"India",2008,34
"India",2009,34
"India",2010,33
"India",2011,31
"India",2012,36
"India",2013,36
"India",2014,38
"India",2015,38
"India",2016,40
"India",2017,40
"India",2018,41
"India",2019,41
"Iceland",2007,92
"Iceland",2008,89
"Iceland",2009,87
"Iceland",2010,85
"Iceland",2011,83
"Iceland",2012,82
"Iceland",2013,78
"Iceland",2014,79
"Iceland",2015,79
"Iceland",2016,78
"Iceland",2017,77
"Iceland",2018,76
"Iceland",2019,78
"Hungary",2007,53
"Hungary",2008,51
"Hungary",2009,51
"Hungary",2010,47
"Hungary",2011,46
"Hungary",2012,55
"Hungary",2013,54
"Hungary",2014,54
"Hungary",2015,51
"Hungary",2016,48
"Hungary",2017,45
"Hungary",2018,46
"Hungary",2019,44
"Hong Kong",2007,83
"Hong Kong",2008,81
"Hong Kong",2009,82
"Hong Kong",2010,84
"Hong Kong",2011,84
"Hong Kong",2012,77
"Hong Kong",2013,75
"Hong Kong",2014,74
"Hong Kong",2015,75
"Hong Kong",2016,77
"Hong Kong",2017,77
"Hong Kong",2018,76
"Hong Kong",2019,76
"Honduras",2007,25
"Honduras",2008,26
"Honduras",2009,25
"Honduras",2010,24
"Honduras",2011,26
"Honduras",2012,28
"Honduras",2013,26
"Honduras",2014,29
"Honduras",2015,31
"Honduras",2016,30
"Honduras",2017,29
"Honduras",2018,29
"Honduras",2019,26
"Haiti",2007,16
"Haiti",2008,14
"Haiti",2009,18
"Haiti",2010,22
"Haiti",2011,18
"Haiti",2012,19
"Haiti",2013,19
"Haiti",2014,19
"Haiti",2015,17
"Haiti",2016,20
"Haiti",2017,22
"Haiti",2018,20
"Haiti",2019,18
"Guyana",2007,26
"Guyana",2008,26
"Guyana",2009,26
"Guyana",2010,27
"Guyana",2011,25
"Guyana",2012,28
"Guyana",2013,27
"Guyana",2014,30
"Guyana",2015,29
"Guyana",2016,34
"Guyana",2017,38
"Guyana",2018,37
"Guyana",2019,40
"Guinea-Bissau",2007,22
"Guinea-Bissau",2008,19
"Guinea-Bissau",2009,19
"Guinea-Bissau",2010,21
"Guinea-Bissau",2011,22
"Guinea-Bissau",2012,25
"Guinea-Bissau",2013,19
"Guinea-Bissau",2014,19
"Guinea-Bissau",2015,17
"Guinea-Bissau",2016,16
"Guinea-Bissau",2017,17
"Guinea-Bissau",2018,16
"Guinea-Bissau",2019,18
"Guinea",2007,19
"Guinea",2008,16
"Guinea",2009,18
"Guinea",2010,20
"Guinea",2011,21
"Guinea",2012,24
"Guinea",2013,24
"Guinea",2014,25
"Guinea",2015,25
"Guinea",2016,27
"Guinea",2017,27
"Guinea",2018,28
"Guinea",2019,29
"Guatemala",2007,28
"Guatemala",2008,31
"Guatemala",2009,34
"Guatemala",2010,32
"Guatemala",2011,27
"Guatemala",2012,33
"Guatemala",2013,29
"Guatemala",2014,32
"Guatemala",2015,28
"Guatemala",2016,28
"Guatemala",2017,28
"Guatemala",2018,27
"Guatemala",2019,26
"Grenada",2007,34
"Grenada",2008,NA
"Grenada",2009,NA
"Grenada",2010,NA
"Grenada",2011,NA
"Grenada",2012,NA
"Grenada",2013,NA
"Grenada",2014,NA
"Grenada",2015,NA
"Grenada",2016,56
"Grenada",2017,52
"Grenada",2018,52
"Grenada",2019,53
"Greece",2007,46
"Greece",2008,47
"Greece",2009,38
"Greece",2010,35
"Greece",2011,34
"Greece",2012,36
"Greece",2013,40
"Greece",2014,43
"Greece",2015,46
"Greece",2016,44
"Greece",2017,48
"Greece",2018,45
"Greece",2019,48
"Ghana",2007,37
"Ghana",2008,39
"Ghana",2009,39
"Ghana",2010,41
"Ghana",2011,39
"Ghana",2012,45
"Ghana",2013,46
"Ghana",2014,48
"Ghana",2015,47
"Ghana",2016,43
"Ghana",2017,40
"Ghana",2018,41
"Ghana",2019,41
"Germany",2007,78
"Germany",2008,79
"Germany",2009,80
"Germany",2010,79
"Germany",2011,80
"Germany",2012,79
"Germany",2013,78
"Germany",2014,79
"Germany",2015,81
"Germany",2016,81
"Germany",2017,81
"Germany",2018,80
"Germany",2019,80
"Georgia",2007,34
"Georgia",2008,39
"Georgia",2009,41
"Georgia",2010,38
"Georgia",2011,41
"Georgia",2012,52
"Georgia",2013,49
"Georgia",2014,52
"Georgia",2015,52
"Georgia",2016,57
"Georgia",2017,56
"Georgia",2018,58
"Georgia",2019,56
"Gambia",2007,23
"Gambia",2008,19
"Gambia",2009,29
"Gambia",2010,32
"Gambia",2011,35
"Gambia",2012,34
"Gambia",2013,28
"Gambia",2014,29
"Gambia",2015,28
"Gambia",2016,26
"Gambia",2017,30
"Gambia",2018,37
"Gambia",2019,37
"Gabon",2007,33
"Gabon",2008,31
"Gabon",2009,29
"Gabon",2010,28
"Gabon",2011,30
"Gabon",2012,35
"Gabon",2013,34
"Gabon",2014,37
"Gabon",2015,34
"Gabon",2016,35
"Gabon",2017,32
"Gabon",2018,31
"Gabon",2019,31
"France",2007,73
"France",2008,69
"France",2009,69
"France",2010,68
"France",2011,70
"France",2012,71
"France",2013,71
"France",2014,69
"France",2015,70
"France",2016,69
"France",2017,70
"France",2018,72
"France",2019,69
"Finland",2007,94
"Finland",2008,90
"Finland",2009,89
"Finland",2010,92
"Finland",2011,94
"Finland",2012,90
"Finland",2013,89
"Finland",2014,89
"Finland",2015,90
"Finland",2016,89
"Finland",2017,85
"Finland",2018,85
"Finland",2019,86
"Ethiopia",2007,24
"Ethiopia",2008,26
"Ethiopia",2009,27
"Ethiopia",2010,27
"Ethiopia",2011,27
"Ethiopia",2012,33
"Ethiopia",2013,33
"Ethiopia",2014,33
"Ethiopia",2015,33
"Ethiopia",2016,34
"Ethiopia",2017,35
"Ethiopia",2018,34
"Ethiopia",2019,37
"Estonia",2007,65
"Estonia",2008,66
"Estonia",2009,66
"Estonia",2010,65
"Estonia",2011,64
"Estonia",2012,64
"Estonia",2013,68
"Estonia",2014,69
"Estonia",2015,70
"Estonia",2016,70
"Estonia",2017,71
"Estonia",2018,73
"Estonia",2019,74
"Eritrea",2007,28
"Eritrea",2008,26
"Eritrea",2009,26
"Eritrea",2010,26
"Eritrea",2011,25
"Eritrea",2012,25
"Eritrea",2013,20
"Eritrea",2014,18
"Eritrea",2015,18
"Eritrea",2016,18
"Eritrea",2017,20
"Eritrea",2018,24
"Eritrea",2019,23
"Equatorial Guinea",2007,19
"Equatorial Guinea",2008,17
"Equatorial Guinea",2009,18
"Equatorial Guinea",2010,19
"Equatorial Guinea",2011,19
"Equatorial Guinea",2012,20
"Equatorial Guinea",2013,19
"Equatorial Guinea",2014,NA
"Equatorial Guinea",2015,NA
"Equatorial Guinea",2016,NA
"Equatorial Guinea",2017,17
"Equatorial Guinea",2018,16
"Equatorial Guinea",2019,16
"El Salvador",2007,40
"El Salvador",2008,39
"El Salvador",2009,34
"El Salvador",2010,36
"El Salvador",2011,34
"El Salvador",2012,38
"El Salvador",2013,38
"El Salvador",2014,39
"El Salvador",2015,39
"El Salvador",2016,36
"El Salvador",2017,33
"El Salvador",2018,35
"El Salvador",2019,34
"Egypt",2007,29
"Egypt",2008,28
"Egypt",2009,28
"Egypt",2010,31
"Egypt",2011,29
"Egypt",2012,32
"Egypt",2013,32
"Egypt",2014,37
"Egypt",2015,36
"Egypt",2016,34
"Egypt",2017,32
"Egypt",2018,35
"Egypt",2019,35
"Ecuador",2007,21
"Ecuador",2008,20
"Ecuador",2009,22
"Ecuador",2010,25
"Ecuador",2011,27
"Ecuador",2012,32
"Ecuador",2013,35
"Ecuador",2014,33
"Ecuador",2015,32
"Ecuador",2016,31
"Ecuador",2017,32
"Ecuador",2018,34
"Ecuador",2019,38
"Dominican Republic",2007,30
"Dominican Republic",2008,30
"Dominican Republic",2009,30
"Dominican Republic",2010,30
"Dominican Republic",2011,26
"Dominican Republic",2012,32
"Dominican Republic",2013,29
"Dominican Republic",2014,32
"Dominican Republic",2015,33
"Dominican Republic",2016,31
"Dominican Republic",2017,29
"Dominican Republic",2018,30
"Dominican Republic",2019,28
"Dominica",2007,56
"Dominica",2008,60
"Dominica",2009,59
"Dominica",2010,52
"Dominica",2011,52
"Dominica",2012,58
"Dominica",2013,58
"Dominica",2014,58
"Dominica",2015,NA
"Dominica",2016,59
"Dominica",2017,57
"Dominica",2018,57
"Dominica",2019,55
"Djibouti",2007,29
"Djibouti",2008,30
"Djibouti",2009,28
"Djibouti",2010,32
"Djibouti",2011,30
"Djibouti",2012,36
"Djibouti",2013,36
"Djibouti",2014,34
"Djibouti",2015,34
"Djibouti",2016,30
"Djibouti",2017,31
"Djibouti",2018,31
"Djibouti",2019,30
"Denmark",2007,94
"Denmark",2008,93
"Denmark",2009,93
"Denmark",2010,93
"Denmark",2011,94
"Denmark",2012,90
"Denmark",2013,91
"Denmark",2014,92
"Denmark",2015,91
"Denmark",2016,90
"Denmark",2017,88
"Denmark",2018,88
"Denmark",2019,87
"Democratic Republic of the Congo",2007,52
"Democratic Republic of the Congo",2008,17
"Democratic Republic of the Congo",2009,19
"Democratic Republic of the Congo",2010,20
"Democratic Republic of the Congo",2011,20
"Democratic Republic of the Congo",2012,21
"Democratic Republic of the Congo",2013,22
"Democratic Republic of the Congo",2014,22
"Democratic Republic of the Congo",2015,22
"Democratic Republic of the Congo",2016,21
"Democratic Republic of the Congo",2017,21
"Democratic Republic of the Congo",2018,20
"Democratic Republic of the Congo",2019,18
"Czech Republic",2007,19
"Czech Republic",2008,52
"Czech Republic",2009,49
"Czech Republic",2010,46
"Czech Republic",2011,44
"Czech Republic",2012,49
"Czech Republic",2013,48
"Czech Republic",2014,51
"Czech Republic",2015,56
"Czech Republic",2016,55
"Czech Republic",2017,57
"Czech Republic",2018,59
"Czech Republic",2019,56
"Cyprus",2007,53
"Cyprus",2008,64
"Cyprus",2009,66
"Cyprus",2010,63
"Cyprus",2011,63
"Cyprus",2012,66
"Cyprus",2013,63
"Cyprus",2014,63
"Cyprus",2015,61
"Cyprus",2016,55
"Cyprus",2017,57
"Cyprus",2018,59
"Cyprus",2019,58
"Cuba",2007,42
"Cuba",2008,43
"Cuba",2009,44
"Cuba",2010,37
"Cuba",2011,42
"Cuba",2012,48
"Cuba",2013,46
"Cuba",2014,46
"Cuba",2015,47
"Cuba",2016,47
"Cuba",2017,47
"Cuba",2018,47
"Cuba",2019,48
"Croatia",2007,41
"Croatia",2008,44
"Croatia",2009,41
"Croatia",2010,41
"Croatia",2011,40
"Croatia",2012,46
"Croatia",2013,48
"Croatia",2014,48
"Croatia",2015,51
"Croatia",2016,49
"Croatia",2017,49
"Croatia",2018,48
"Croatia",2019,47
"Côte d´Ivoire",2007,21
"Côte d´Ivoire",2008,20
"Côte d´Ivoire",2009,21
"Côte d´Ivoire",2010,22
"Côte d´Ivoire",2011,22
"Côte d´Ivoire",2012,29
"Côte d´Ivoire",2013,27
"Côte d´Ivoire",2014,32
"Côte d´Ivoire",2015,32
"Côte d´Ivoire",2016,34
"Côte d´Ivoire",2017,36
"Côte d´Ivoire",2018,35
"Côte d´Ivoire",2019,35
"Costa Rica",2007,50
"Costa Rica",2008,51
"Costa Rica",2009,53
"Costa Rica",2010,53
"Costa Rica",2011,48
"Costa Rica",2012,54
"Costa Rica",2013,53
"Costa Rica",2014,54
"Costa Rica",2015,55
"Costa Rica",2016,58
"Costa Rica",2017,59
"Costa Rica",2018,56
"Costa Rica",2019,56
"Congo Republic",2007,21
"Congo Republic",2008,19
"Congo Republic",2009,19
"Congo Republic",2010,21
"Congo Republic",2011,22
"Congo Republic",2012,26
"Congo Republic",2013,22
"Congo Republic",2014,23
"Congo Republic",2015,23
"Congo Republic",2016,20
"Congo Republic",2017,21
"Congo Republic",2018,19
"Congo Republic",2019,19
"Comoros",2007,26
"Comoros",2008,25
"Comoros",2009,23
"Comoros",2010,21
"Comoros",2011,24
"Comoros",2012,28
"Comoros",2013,28
"Comoros",2014,26
"Comoros",2015,26
"Comoros",2016,24
"Comoros",2017,27
"Comoros",2018,27
"Comoros",2019,25
"Colombia",2007,38
"Colombia",2008,38
"Colombia",2009,37
"Colombia",2010,35
"Colombia",2011,34
"Colombia",2012,36
"Colombia",2013,36
"Colombia",2014,37
"Colombia",2015,37
"Colombia",2016,37
"Colombia",2017,37
"Colombia",2018,36
"Colombia",2019,37
"China",2007,35
"China",2008,36
"China",2009,36
"China",2010,35
"China",2011,36
"China",2012,39
"China",2013,40
"China",2014,36
"China",2015,37
"China",2016,40
"China",2017,41
"China",2018,39
"China",2019,41
"Chile",2007,70
"Chile",2008,69
"Chile",2009,67
"Chile",2010,72
"Chile",2011,72
"Chile",2012,72
"Chile",2013,71
"Chile",2014,73
"Chile",2015,70
"Chile",2016,66
"Chile",2017,67
"Chile",2018,67
"Chile",2019,67
"Chad",2007,18
"Chad",2008,16
"Chad",2009,16
"Chad",2010,17
"Chad",2011,20
"Chad",2012,19
"Chad",2013,19
"Chad",2014,22
"Chad",2015,22
"Chad",2016,20
"Chad",2017,20
"Chad",2018,19
"Chad",2019,20
"Central African Republic",2007,20
"Central African Republic",2008,20
"Central African Republic",2009,20
"Central African Republic",2010,21
"Central African Republic",2011,22
"Central African Republic",2012,26
"Central African Republic",2013,25
"Central African Republic",2014,24
"Central African Republic",2015,24
"Central African Republic",2016,20
"Central African Republic",2017,23
"Central African Republic",2018,26
"Central African Republic",2019,25
"Cape Verde",2007,49
"Cape Verde",2008,51
"Cape Verde",2009,51
"Cape Verde",2010,51
"Cape Verde",2011,55
"Cape Verde",2012,60
"Cape Verde",2013,58
"Cape Verde",2014,57
"Cape Verde",2015,55
"Cape Verde",2016,59
"Cape Verde",2017,55
"Cape Verde",2018,57
"Cape Verde",2019,58
"Canada",2007,87
"Canada",2008,87
"Canada",2009,87
"Canada",2010,89
"Canada",2011,87
"Canada",2012,84
"Canada",2013,81
"Canada",2014,81
"Canada",2015,83
"Canada",2016,82
"Canada",2017,82
"Canada",2018,81
"Canada",2019,77
"Cameroon",2007,24
"Cameroon",2008,23
"Cameroon",2009,22
"Cameroon",2010,22
"Cameroon",2011,25
"Cameroon",2012,26
"Cameroon",2013,25
"Cameroon",2014,27
"Cameroon",2015,27
"Cameroon",2016,26
"Cameroon",2017,25
"Cameroon",2018,25
"Cameroon",2019,25
"Cambodia",2007,20
"Cambodia",2008,18
"Cambodia",2009,20
"Cambodia",2010,21
"Cambodia",2011,21
"Cambodia",2012,22
"Cambodia",2013,20
"Cambodia",2014,21
"Cambodia",2015,21
"Cambodia",2016,21
"Cambodia",2017,21
"Cambodia",2018,20
"Cambodia",2019,20
"Burundi",2007,25
"Burundi",2008,19
"Burundi",2009,18
"Burundi",2010,18
"Burundi",2011,19
"Burundi",2012,19
"Burundi",2013,21
"Burundi",2014,20
"Burundi",2015,21
"Burundi",2016,20
"Burundi",2017,22
"Burundi",2018,17
"Burundi",2019,19
"Burkina Faso",2007,29
"Burkina Faso",2008,35
"Burkina Faso",2009,36
"Burkina Faso",2010,31
"Burkina Faso",2011,30
"Burkina Faso",2012,38
"Burkina Faso",2013,38
"Burkina Faso",2014,38
"Burkina Faso",2015,38
"Burkina Faso",2016,42
"Burkina Faso",2017,42
"Burkina Faso",2018,41
"Burkina Faso",2019,40
"Bulgaria",2007,41
"Bulgaria",2008,36
"Bulgaria",2009,38
"Bulgaria",2010,36
"Bulgaria",2011,33
"Bulgaria",2012,41
"Bulgaria",2013,41
"Bulgaria",2014,43
"Bulgaria",2015,41
"Bulgaria",2016,41
"Bulgaria",2017,43
"Bulgaria",2018,42
"Bulgaria",2019,43
"Brunei",2007,NA
"Brunei",2008,NA
"Brunei",2009,55
"Brunei",2010,55
"Brunei",2011,52
"Brunei",2012,55
"Brunei",2013,60
"Brunei",2014,NA
"Brunei",2015,NA
"Brunei",2016,58
"Brunei",2017,62
"Brunei",2018,63
"Brunei",2019,60
"Brazil",2007,35
"Brazil",2008,35
"Brazil",2009,37
"Brazil",2010,37
"Brazil",2011,38
"Brazil",2012,43
"Brazil",2013,42
"Brazil",2014,43
"Brazil",2015,38
"Brazil",2016,40
"Brazil",2017,37
"Brazil",2018,35
"Brazil",2019,35
"Botswana",2007,54
"Botswana",2008,58
"Botswana",2009,56
"Botswana",2010,58
"Botswana",2011,61
"Botswana",2012,65
"Botswana",2013,64
"Botswana",2014,63
"Botswana",2015,63
"Botswana",2016,60
"Botswana",2017,61
"Botswana",2018,61
"Botswana",2019,61
"Bosnia and Herzegovina",2007,33
"Bosnia and Herzegovina",2008,32
"Bosnia and Herzegovina",2009,30
"Bosnia and Herzegovina",2010,32
"Bosnia and Herzegovina",2011,32
"Bosnia and Herzegovina",2012,42
"Bosnia and Herzegovina",2013,42
"Bosnia and Herzegovina",2014,39
"Bosnia and Herzegovina",2015,38
"Bosnia and Herzegovina",2016,39
"Bosnia and Herzegovina",2017,38
"Bosnia and Herzegovina",2018,38
"Bosnia and Herzegovina",2019,36
"Bolivia",2007,29
"Bolivia",2008,30
"Bolivia",2009,27
"Bolivia",2010,28
"Bolivia",2011,28
"Bolivia",2012,34
"Bolivia",2013,34
"Bolivia",2014,35
"Bolivia",2015,34
"Bolivia",2016,33
"Bolivia",2017,33
"Bolivia",2018,29
"Bolivia",2019,31
"Bhutan",2007,50
"Bhutan",2008,52
"Bhutan",2009,50
"Bhutan",2010,57
"Bhutan",2011,57
"Bhutan",2012,63
"Bhutan",2013,63
"Bhutan",2014,65
"Bhutan",2015,65
"Bhutan",2016,65
"Bhutan",2017,67
"Bhutan",2018,68
"Bhutan",2019,68
"Benin",2007,27
"Benin",2008,31
"Benin",2009,29
"Benin",2010,28
"Benin",2011,30
"Benin",2012,36
"Benin",2013,36
"Benin",2014,39
"Benin",2015,37
"Benin",2016,36
"Benin",2017,39
"Benin",2018,40
"Benin",2019,41
"Belize",2007,30
"Belize",2008,29
"Belize",2009,NA
"Belize",2010,NA
"Belize",2011,NA
"Belize",2012,NA
"Belize",2013,NA
"Belize",2014,NA
"Belize",2015,NA
"Belize",2016,NA
"Belize",2017,NA
"Belize",2018,NA
"Belize",2019,NA
"Belgium",2007,71
"Belgium",2008,73
"Belgium",2009,71
"Belgium",2010,71
"Belgium",2011,75
"Belgium",2012,75
"Belgium",2013,75
"Belgium",2014,76
"Belgium",2015,77
"Belgium",2016,77
"Belgium",2017,75
"Belgium",2018,75
"Belgium",2019,75
"Belarus",2007,21
"Belarus",2008,20
"Belarus",2009,24
"Belarus",2010,25
"Belarus",2011,24
"Belarus",2012,31
"Belarus",2013,29
"Belarus",2014,31
"Belarus",2015,32
"Belarus",2016,40
"Belarus",2017,44
"Belarus",2018,44
"Belarus",2019,45
"Barbados",2007,69
"Barbados",2008,70
"Barbados",2009,74
"Barbados",2010,78
"Barbados",2011,78
"Barbados",2012,76
"Barbados",2013,75
"Barbados",2014,74
"Barbados",2015,NA
"Barbados",2016,61
"Barbados",2017,68
"Barbados",2018,68
"Barbados",2019,62
"Bangladesh",2007,20
"Bangladesh",2008,21
"Bangladesh",2009,24
"Bangladesh",2010,24
"Bangladesh",2011,27
"Bangladesh",2012,26
"Bangladesh",2013,27
"Bangladesh",2014,25
"Bangladesh",2015,25
"Bangladesh",2016,26
"Bangladesh",2017,28
"Bangladesh",2018,26
"Bangladesh",2019,26
"Bahrain",2007,50
"Bahrain",2008,54
"Bahrain",2009,51
"Bahrain",2010,49
"Bahrain",2011,51
"Bahrain",2012,51
"Bahrain",2013,48
"Bahrain",2014,49
"Bahrain",2015,51
"Bahrain",2016,43
"Bahrain",2017,36
"Bahrain",2018,36
"Bahrain",2019,42
"Bahamas",2007,NA
"Bahamas",2008,NA
"Bahamas",2009,NA
"Bahamas",2010,NA
"Bahamas",2011,73
"Bahamas",2012,71
"Bahamas",2013,71
"Bahamas",2014,71
"Bahamas",2015,NA
"Bahamas",2016,66
"Bahamas",2017,65
"Bahamas",2018,65
"Bahamas",2019,64
"Azerbaijan",2007,21
"Azerbaijan",2008,19
"Azerbaijan",2009,23
"Azerbaijan",2010,24
"Azerbaijan",2011,24
"Azerbaijan",2012,27
"Azerbaijan",2013,28
"Azerbaijan",2014,29
"Azerbaijan",2015,29
"Azerbaijan",2016,30
"Azerbaijan",2017,31
"Azerbaijan",2018,25
"Azerbaijan",2019,30
"Austria",2007,81
"Austria",2008,81
"Austria",2009,79
"Austria",2010,79
"Austria",2011,78
"Austria",2012,69
"Austria",2013,69
"Austria",2014,72
"Austria",2015,76
"Austria",2016,75
"Austria",2017,75
"Austria",2018,76
"Austria",2019,77
"Australia",2007,86
"Australia",2008,87
"Australia",2009,87
"Australia",2010,87
"Australia",2011,88
"Australia",2012,85
"Australia",2013,81
"Australia",2014,80
"Australia",2015,79
"Australia",2016,79
"Australia",2017,77
"Australia",2018,77
"Australia",2019,77
"Armenia",2007,30
"Armenia",2008,29
"Armenia",2009,27
"Armenia",2010,26
"Armenia",2011,26
"Armenia",2012,34
"Armenia",2013,36
"Armenia",2014,37
"Armenia",2015,35
"Armenia",2016,33
"Armenia",2017,35
"Armenia",2018,35
"Armenia",2019,42
"Argentina",2007,29
"Argentina",2008,29
"Argentina",2009,29
"Argentina",2010,29
"Argentina",2011,30
"Argentina",2012,35
"Argentina",2013,34
"Argentina",2014,34
"Argentina",2015,32
"Argentina",2016,36
"Argentina",2017,39
"Argentina",2018,40
"Argentina",2019,45
"Angola",2007,22
"Angola",2008,19
"Angola",2009,19
"Angola",2010,19
"Angola",2011,20
"Angola",2012,22
"Angola",2013,23
"Angola",2014,19
"Angola",2015,15
"Angola",2016,18
"Angola",2017,19
"Angola",2018,19
"Angola",2019,26
"Algeria",2007,30
"Algeria",2008,32
"Algeria",2009,28
"Algeria",2010,29
"Algeria",2011,29
"Algeria",2012,34
"Algeria",2013,36
"Algeria",2014,36
"Algeria",2015,36
"Algeria",2016,34
"Algeria",2017,33
"Algeria",2018,35
"Algeria",2019,35
"Albania",2007,29
"Albania",2008,34
"Albania",2009,32
"Albania",2010,33
"Albania",2011,31
"Albania",2012,33
"Albania",2013,31
"Albania",2014,33
"Albania",2015,36
"Albania",2016,39
"Albania",2017,38
"Albania",2018,36
"Albania",2019,35
"Afghanistan",2007,18
"Afghanistan",2008,15
"Afghanistan",2009,13
"Afghanistan",2010,14
"Afghanistan",2011,15
"Afghanistan",2012,8
"Afghanistan",2013,8
"Afghanistan",2014,12
"Afghanistan",2015,11
"Afghanistan",2016,15
"Afghanistan",2017,15
"Afghanistan",2018,16
"Afghanistan",2019,16
